timestamp,x1,y1,x2,y2,distance,dt,vx1,vy1,vx2,vy2,v_closing,ttc,safety_alert,is_abnormal
1118847768400.0,16.542,1568.691,6.319,35.369,1533.3560791326327,,,,,,,inf,False,False
1118847768500.0,16.562,1569.681,6.299,39.369,1530.3464138922927,0.1,0.19999999999999574,9.900000000000091,-0.19999999999999574,40.0,30.096652403399275,50.84772862378034,False,False
1118847768600.0,16.577,1570.67,6.279,43.369,1527.3357173211791,0.1,0.15000000000000568,9.890000000000327,-0.20000000000000462,40.0,30.106965711136127,50.730310452914225,False,False
1118847768700.0,16.582,1571.66,6.257,47.369,1524.325968520513,0.1,0.04999999999999005,9.900000000000091,-0.22000000000000242,40.0,30.097488006661024,50.64628543694932,False,False
1118847768800.0,16.584,1572.649,6.237,51.368,1521.3161871780633,0.1,0.019999999999988916,9.889999999998054,-0.19999999999999574,39.99000000000002,30.097813424497417,50.54573784884397,False,False
1118847768900.0,16.586,1573.638,6.217,55.369,1518.3044070679634,0.1,0.019999999999988916,9.890000000000327,-0.20000000000000462,40.00999999999998,30.11780110099835,50.41219317361235,False,False
1118847769000.0,16.589,1574.628,6.196,59.369,1515.2946418205272,0.1,0.030000000000001137,9.900000000000091,-0.20999999999999908,40.0,30.09765247436235,50.34594120293199,False,False
1118847769100.0,16.592,1575.617,6.176,63.369,1512.2838710242202,0.1,0.030000000000001137,9.890000000000327,-0.19999999999999574,40.0,30.107707963070425,50.2291264708413,False,False
1118847769200.0,16.595,1576.605,6.155,67.369,1509.2721084337313,0.1,0.030000000000001137,9.880000000000564,-0.20999999999999908,40.0,30.117625904888428,50.11258567325387,False,False
1118847769300.0,16.598,1577.599,6.135,71.369,1506.266340083652,0.1,0.030000000000001137,9.939999999999145,-0.20000000000000462,40.0,30.05768350079279,50.112522478451254,False,False
1118847769400.0,16.601,1578.604,6.114,75.368,1503.2725796957118,0.1,0.030000000000001137,10.050000000001091,-0.20999999999999908,39.98999999999995,29.93760387940256,50.21352362571615,False,False
1118847769500.0,16.604,1579.601,6.094,79.368,1500.26981386316,0.1,0.030000000000001137,9.97000000000071,-0.19999999999999574,40.0,30.027658325518587,49.962930762009385,False,False
1118847769600.0,16.647,1580.537,6.073,83.374,1497.2003399829296,0.1,0.4299999999999926,9.359999999999218,-0.20999999999999908,40.06,30.69473880230362,48.77709986802578,False,False
1118847769700.0,16.67,1581.341,6.052,87.369,1494.0097317982904,0.1,0.2300000000000324,8.0399999999986,-0.21000000000000796,39.950000000000045,31.906081846391317,46.82523347714874,False,False
1118847769800.0,16.649,1582.026,6.032,91.337,1490.7268077719675,0.1,-0.21000000000000796,6.850000000001728,-0.19999999999999574,39.680000000000035,32.82924026322917,45.40850765412553,False,False
1118847769900.0,16.61,1582.58,6.064,95.295,1487.3223891749224,0.1,-0.3900000000000148,5.539999999998599,0.3200000000000003,39.579999999999984,34.04418597045151,43.68799977963453,False,False
1118847770000.0,16.64,1583.076,6.112,99.263,1483.8503488401384,0.1,0.30000000000001137,4.960000000000946,0.4800000000000004,39.680000000000035,34.72040334783969,42.73712877049465,False,False
1118847770100.0,16.602,1583.562,6.161,103.257,1480.3418211703672,0.1,-0.38000000000000256,4.859999999998763,0.4899999999999949,39.94,35.08527669771183,42.19267910938012,False,False
1118847770200.0,16.46,1584.055,6.21,107.263,1476.8275707624098,0.1,-1.4199999999999946,4.930000000001655,0.49000000000000377,40.06,35.14250407957434,42.02397095603603,False,False
1118847770300.0,16.262,1584.551,6.258,111.262,1473.3229644368544,0.1,-1.980000000000004,4.959999999998672,0.4800000000000004,39.98999999999995,35.046063255554145,42.03961379894389,False,False
1118847770400.0,16.121,1585.049,6.307,115.262,1469.8197644490294,0.1,-1.410000000000018,4.980000000000473,0.49000000000000377,40.0,35.03199987824928,41.95649033904037,False,False
1118847770500.0,16.082,1585.551,6.356,119.262,1466.321256272649,0.1,-0.38999999999997925,5.019999999999527,0.4899999999999949,40.0,34.98508176380483,41.91275773406048,False,False
1118847770600.0,16.112,1586.053,6.404,123.262,1462.8232138385692,0.1,0.29999999999997584,5.020000000001801,0.4800000000000004,40.0,34.98042434079707,41.81833815356275,False,False
1118847770700.0,16.113,1586.555,6.453,127.262,1459.3249725297653,0.1,0.010000000000012221,5.019999999999527,0.49000000000000377,40.0,34.982413088039266,41.71596078455545,False,False
1118847770800.0,16.113,1587.054,6.502,131.261,1455.824725085407,0.1,0.0,4.9900000000002365,0.4899999999999949,39.98999999999995,35.00247444358365,41.59205165428743,False,False
1118847770900.0,16.113,1587.554,6.55,135.261,1452.3244846858433,0.1,0.0,5.0,0.4800000000000004,40.0,35.00240399563609,41.49213536495697,False,False
1118847771000.0,16.114,1588.054,6.599,139.26,1448.825244693438,0.1,0.010000000000012221,5.0,0.49000000000000377,39.98999999999995,34.99239992405364,41.40399766343322,False,False
1118847771100.0,16.114,1588.554,6.648,143.26,1445.3249986048122,0.1,0.0,5.0,0.4899999999999949,40.0,35.00246088625772,41.29209667004469,False,False
1118847771200.0,16.114,1589.054,6.696,147.26,1441.8247595182988,0.1,0.0,5.0,0.4800000000000004,40.0,35.00239086513375,41.19217927351688,False,False
1118847771300.0,16.114,1589.554,6.745,151.26,1438.324514355853,0.1,0.0,5.0,0.49000000000000377,40.0,35.002451624459354,41.09210776969595,False,False
1118847771400.0,16.115,1590.052,6.794,155.26,1434.8222762087992,0.1,0.009999999999976694,4.979999999998199,0.4899999999999949,40.0,35.02238147053731,40.96872388349284,False,False
1118847771500.0,16.116,1590.557,6.842,159.265,1431.322044943066,0.1,0.010000000000012221,5.050000000001091,0.4800000000000004,40.049999999999955,35.00231265733191,40.892213579014694,False,False
1118847771600.0,16.115,1591.071,6.891,163.259,1427.8417942895494,0.1,-0.010000000000012221,5.139999999998963,0.49000000000000377,39.94,34.802506535165776,41.02698157234175,False,False
1118847771700.0,16.115,1591.572,6.94,167.228,1424.3735503585426,0.1,0.0,5.0099999999997635,0.49000000000000377,39.690000000000225,34.68243931006782,41.069012984477915,False,False
1118847771800.0,16.133,1592.018,7.041,171.189,1420.8580899248875,0.1,0.18000000000000682,4.460000000001401,1.0099999999999998,39.60999999999984,35.154604336551074,40.41741094060865,False,False
1118847771900.0,16.116,1592.386,7.146,175.157,1417.257386412574,0.1,-0.1699999999999946,3.6799999999993815,1.0499999999999954,39.68000000000018,36.0070351231343,39.36056888788366,False,False
1118847772000.0,16.117,1592.723,7.252,179.153,1413.5977975099565,0.1,0.010000000000012221,3.369999999999891,1.0599999999999987,39.95999999999981,36.59588902617543,38.6272293179945,False,False
1118847772100.0,16.101,1593.109,7.357,183.151,1409.9851131483622,0.1,-0.1600000000000179,3.8599999999996726,1.0500000000000043,39.98000000000019,36.12684361594347,39.0287379694059,False,False
1118847772200.0,16.117,1593.559,7.455,187.131,1406.454673790805,0.1,0.1600000000000179,4.500000000000455,0.9799999999999986,39.7999999999999,35.3043935755727,39.8379502194293,False,False
1118847772300.0,16.158,1594.002,7.588,191.135,1402.8931764710383,0.1,0.4100000000000037,4.429999999999836,1.33,40.03999999999991,35.614973197666586,39.39054421534571,False,False
1118847772400.0,16.156,1594.349,7.609,195.244,1399.131106163393,0.1,-0.020000000000024443,3.4699999999998,0.20999999999999908,41.09000000000009,37.62070307645217,37.190456098603526,False,False
1118847772500.0,16.117,1594.582,7.542,199.498,1395.110353226941,0.1,-0.38999999999997925,2.3300000000017462,-0.6700000000000017,42.53999999999991,40.20752936452027,34.697738838388005,False,False
1118847772600.0,16.117,1594.758,7.387,203.882,1390.9033971760944,0.1,0.0,1.7599999999993088,-1.5500000000000025,43.840000000000146,42.069560508466566,33.06199019826159,False,False
1118847772700.0,16.117,1594.905,7.132,208.408,1386.5261127126312,0.1,0.0,1.4699999999993452,-2.549999999999999,45.25999999999982,43.77284463463184,31.67548566436212,False,False
1118847772800.0,16.134,1595.003,6.754,213.049,1381.9858329650126,0.1,0.1699999999999946,0.9799999999995634,-3.780000000000001,46.410000000000196,45.4027974761857,30.438341022706375,False,False
1118847772900.0,16.118,1595.052,6.376,217.723,1377.3634526895942,0.1,-0.1600000000000179,0.4899999999997817,-3.7799999999999923,46.740000000000066,46.22380275418436,29.797709634889564,False,False
1118847773000.0,16.101,1595.107,5.999,222.402,1372.7421707767994,0.1,-0.1699999999999946,0.5500000000006366,-3.7700000000000067,46.789999999999736,46.21281912794757,29.704791801948794,False,False
1118847773100.0,16.118,1595.222,5.622,227.061,1368.2012600260973,0.1,0.1699999999999946,1.150000000000091,-3.769999999999998,46.5900000000002,45.40910750702096,30.130547265535924,False,False
1118847773200.0,16.118,1595.374,5.244,231.686,1363.7313537570367,0.1,0.0,1.5200000000004366,-3.780000000000001,46.25,44.6990626906063,30.50917114742164,False,False
1118847773300.0,16.118,1595.502,4.988,236.252,1359.295567343615,0.1,0.0,1.2799999999992906,-2.5599999999999934,45.660000000000025,44.35786413421738,30.64384622376493,False,False
1118847773400.0,16.119,1595.606,4.902,240.676,1354.9764300492463,0.1,0.010000000000012221,1.0400000000004184,-0.860000000000003,44.23999999999978,43.19137294368602,31.3714600324444,False,False
1118847773500.0,16.119,1595.731,4.838,244.964,1350.8141061041672,0.1,0.0,1.25,-0.6400000000000006,42.88000000000011,41.623239450791516,32.4533631674956,False,False
1118847773600.0,16.119,1595.877,4.83,249.132,1346.7923138130836,0.1,0.0,1.4599999999995816,-0.08000000000000007,41.680000000000064,40.21792291083557,33.487366237161616,False,False
1118847773700.0,16.118,1596.001,4.933,253.124,1342.923579863724,0.1,-0.010000000000012221,1.2400000000002365,1.0299999999999976,39.9199999999999,38.68733949359694,34.71222362256233,False,False
1118847773800.0,16.119,1596.092,5.213,257.08,1339.056412919187,0.1,0.010000000000012221,0.9100000000012187,2.8000000000000025,39.55999999999989,38.67166944536848,34.626289273879785,False,False
1118847773900.0,16.101,1596.207,5.5,261.059,1335.190085008498,0.1,-0.18000000000000682,1.150000000000091,2.869999999999999,39.79000000000042,38.66327910689051,34.53380354307668,False,False
1118847774000.0,16.1,1596.412,5.742,265.072,1331.3802926902592,0.1,-0.009999999999976694,2.0499999999992724,2.42,40.12999999999977,38.09792318238806,34.94626954641273,False,False
1118847774100.0,16.118,1596.703,5.899,269.096,1327.6463288127602,0.1,0.1799999999999713,2.9099999999993997,1.5700000000000003,40.24000000000001,37.33963877499036,35.55594998690779,False,False
1118847774200.0,16.119,1597.035,5.969,273.128,1323.9459079392182,0.1,0.010000000000012221,3.320000000001073,0.7000000000000028,40.31999999999982,37.004208735420434,35.7782520741198,False,False
1118847774300.0,16.119,1597.369,5.953,277.182,1320.2261406762857,0.1,0.0,3.3399999999983265,-0.16000000000000014,40.540000000000305,37.19767262932464,35.492170540677606,False,False
1118847774400.0,16.12,1597.705,5.934,281.241,1316.503405955336,0.1,0.010000000000012221,3.3600000000001273,-0.19000000000000128,40.58999999999969,37.22734720949802,35.36387910066955,False,False
1118847774500.0,16.104,1598.086,5.866,285.267,1312.8589198405896,0.1,-0.1600000000000179,3.810000000000855,-0.680000000000005,40.260000000000105,36.44486114746314,36.02315603641627,False,False
1118847774600.0,16.12,1598.537,5.658,289.239,1309.3397978553926,0.1,0.1600000000000179,4.510000000000218,-2.079999999999993,39.7199999999998,35.19121985196989,37.206433973106506,False,False
1118847774700.0,16.12,1599.037,5.394,293.19,1305.8910500057038,0.1,0.0,5.0,-2.6400000000000023,39.51000000000022,34.487478496887434,37.86565753490976,False,False
1118847774800.0,16.121,1599.551,5.201,297.158,1302.4387789255202,0.1,0.009999999999976694,5.139999999998963,-1.930000000000005,39.68000000000018,34.52271080183664,37.72701357091081,False,False
1118847774900.0,16.121,1600.055,5.179,301.119,1298.9820858887933,0.1,0.0,5.040000000001328,-0.21999999999999353,39.61000000000013,34.56693036726847,37.578751485518175,False,False
1118847775000.0,16.121,1600.554,5.177,304.997,1295.6032229756918,0.1,0.0,4.9900000000002365,-0.02000000000000668,38.77999999999986,33.78862913101557,38.344355965197174,False,False
1118847775100.0,16.122,1601.054,5.112,308.745,1292.3558997354407,0.1,0.010000000000012221,5.0,-0.649999999999995,37.479999999999905,32.47323240251035,39.79757492929885,False,False
1118847775200.0,16.122,1601.554,5.099,312.427,1289.174126585699,0.1,0.0,5.0,-0.129999999999999,36.820000000000164,31.8177314974173,40.517474562582926,False,False
1118847775300.0,16.122,1602.054,5.091,316.131,1285.9703126005672,0.1,0.0,5.0,-0.08000000000000007,37.03999999999951,32.03813985131774,40.138732103938764,False,False
1118847775400.0,16.122,1602.554,5.082,319.871,1282.7305095338616,0.1,0.0,5.0,-0.09000000000000341,37.40000000000009,32.3980306670569,39.59285435327934,False,False
1118847775500.0,16.123,1603.054,5.089,323.592,1279.5095773772075,0.1,0.010000000000012221,5.0,0.07000000000000561,37.210000000000036,32.20932156654044,39.72482235410952,False,False
1118847775600.0,16.124,1603.554,5.08,327.225,1276.376780647862,0.1,0.009999999999976694,5.0,-0.09000000000000341,36.33000000000038,31.327967293455004,40.742406575306944,False,False
1118847775700.0,16.123,1604.052,5.057,330.756,1273.3440854584433,0.1,-0.009999999999976694,4.979999999998199,-0.22999999999999687,35.30999999999949,30.32695189418746,41.98720959169311,False,False
1118847775800.0,16.124,1604.556,5.049,334.232,1270.3722763823996,0.1,0.009999999999976694,5.040000000001328,-0.08000000000000007,34.76000000000056,29.718090760436553,42.74743914819843,False,False
1118847775900.0,16.124,1605.075,5.022,337.731,1267.3926261186784,0.1,0.0,5.190000000000055,-0.27000000000000135,34.98999999999967,29.796502637211688,42.53494584749961,False,False
1118847776000.0,16.131,1605.584,4.971,341.381,1264.2522575850912,0.1,0.0700000000000145,5.0900000000001455,-0.5100000000000016,36.49999999999977,31.40368533587207,40.25808576488793,False,False
1118847776100.0,16.157,1605.988,5.01,345.026,1261.0112692014295,0.1,0.259999999999998,4.039999999999964,0.389999999999997,36.45000000000039,32.409883836617155,38.90823168507382,False,False
1118847776200.0,16.209,1606.253,5.076,348.312,1257.9902635434028,0.1,0.519999999999996,2.6499999999987267,0.6599999999999984,32.860000000000014,30.21005658026752,41.64144016748025,False,False
1118847776300.0,16.304,1606.387,5.083,351.271,1255.166158043229,0.1,0.9499999999999886,1.3400000000001455,0.07000000000000561,29.590000000000032,28.241055001738005,44.44473331346806,False,False
1118847776400.0,16.485,1606.4,5.135,353.868,1252.583423778233,0.1,1.8100000000000094,0.13000000000147338,0.519999999999996,25.9699999999998,25.827342649959064,48.498346916856285,False,False
1118847776500.0,16.791,1606.4,5.116,356.115,1250.3395086335552,0.1,3.0600000000000094,0.0,-0.19000000000000128,22.47000000000014,22.43915144677885,55.72133650415029,False,False
1118847776600.0,17.214,1606.4,5.095,358.252,1248.2068338480608,0.1,4.229999999999983,0.0,-0.20999999999999908,21.370000000000005,21.326747854943733,58.52776252328201,False,False
1118847776700.0,17.614,1606.4,5.144,360.75,1245.7124160094097,0.1,4.000000000000021,0.0,0.49000000000000377,24.979999999999905,24.944178386510885,49.940005908675516,False,False
1118847776800.0,18.014,1606.4,5.205,363.556,1242.9100043112535,0.1,3.999999999999986,0.0,0.6099999999999994,28.05999999999983,28.0241169815622,44.351442192772616,False,False
1118847776900.0,18.413,1606.4,5.34,366.672,1239.7969258362436,0.1,3.990000000000009,0.0,1.3499999999999979,31.160000000000423,31.130784750098428,39.82543118616127,False,False
1118847777000.0,18.814,1606.4,5.416,370.08,1236.3925949325321,0.1,4.009999999999998,0.0,0.7600000000000051,34.079999999999586,34.04330903711525,36.318226103830625,False,False
1118847777100.0,19.214,1606.4,5.49,373.617,1232.8593890890397,0.1,3.999999999999986,0.0,0.7399999999999984,35.370000000000346,35.332058434923965,34.893505889552706,False,False
1118847777200.0,19.526,1606.4,5.565,377.117,1229.3622751695289,0.1,3.1200000000000117,0.0,0.7500000000000018,35.0,34.97113919510866,35.153623915730975,False,False
1118847777300.0,19.782,1606.4,5.64,380.615,1225.8665760958654,0.1,2.5600000000000023,0.0,0.7499999999999929,34.979999999999905,34.95699073663445,35.06785195932709,False,False
1118847777400.0,19.982,1606.4,5.714,384.118,1222.3652741091757,0.1,1.999999999999993,0.0,0.7400000000000073,35.02999999999986,35.013019866896684,34.91173508472115,False,False
1118847777500.0,20.109,1606.4,5.79,387.632,1218.8521122699833,0.1,1.2700000000000244,0.0,0.7599999999999962,35.1400000000001,35.13161839192435,34.693878849320505,False,False
1118847777600.0,20.131,1606.4,5.865,391.132,1215.351731220226,0.1,0.21999999999998465,0.0,0.7500000000000018,35.0,35.003810497573795,34.72055510369264,False,False
1118847777700.0,20.125,1606.487,5.955,394.582,1211.9878373667784,0.1,-0.060000000000002274,0.8699999999998909,0.8999999999999986,34.499999999999886,33.63893853447507,36.0293127598145,False,False
1118847777800.0,20.084,1606.825,6.012,397.965,1208.9419013269414,0.1,-0.4100000000000037,3.3799999999996544,0.569999999999995,33.829999999999814,30.45936039836988,39.690324600238206,False,False
1118847777900.0,20.063,1607.359,6.083,401.294,1206.146021269813,0.1,-0.21000000000000796,5.339999999998781,0.7100000000000062,33.29000000000008,27.958800571284428,43.14012034223693,False,False
1118847778000.0,20.084,1608.089,6.153,404.614,1203.5556274580747,0.1,0.21000000000000796,7.300000000000182,0.699999999999994,33.19999999999993,25.90393811738295,46.46226461799735,False,False
1118847778100.0,20.126,1609.025,6.225,407.943,1201.1624405237621,0.1,0.4200000000000159,9.360000000001492,0.7200000000000006,33.29000000000008,23.931869343125527,50.19091585792893,False,False
1118847778200.0,20.127,1610.032,6.297,411.275,1198.8367753572627,0.1,0.009999999999976694,10.069999999998345,0.7200000000000006,33.319999999999936,23.25665166499448,51.548124494710976,False,False
1118847778300.0,20.129,1611.049,6.368,414.607,1196.5211341572701,0.1,0.020000000000024443,10.170000000000528,0.7100000000000062,33.320000000000505,23.156411999925695,51.671266436316195,False,False
1118847778400.0,20.128,1612.053,6.439,417.945,1194.1864613137266,0.1,-0.010000000000012221,10.040000000001328,0.7099999999999973,33.379999999999654,23.34672843543558,51.150055761183,False,False
1118847778500.0,20.129,1613.052,6.51,421.293,1191.836814015241,0.1,0.010000000000012221,9.989999999997963,0.7099999999999973,33.48000000000013,23.49647298485479,50.72407313146393,False,False
1118847778600.0,20.13,1614.051,6.583,424.633,1189.4951449808443,0.1,0.009999999999976694,9.990000000000236,0.730000000000004,33.39999999999975,23.41669034396773,50.79689433085342,False,False
1118847778700.0,20.13,1615.051,6.69,427.896,1187.2310759178265,0.1,0.0,10.0,1.070000000000002,32.63000000000034,22.640690630178142,52.4379355431564,False,False
1118847778800.0,20.131,1616.051,6.736,431.051,1185.0757047653117,0.1,0.010000000000012221,10.0,0.45999999999999375,31.549999999999727,21.553711525148174,54.98244250799235,False,False
1118847778900.0,20.131,1617.051,6.771,434.149,1182.9774432354998,0.1,0.0,10.0,0.3500000000000014,30.980000000000132,20.98261529811907,56.37893210297501,False,False
1118847779000.0,20.132,1618.051,6.818,437.311,1180.8150618094267,0.1,0.010000000000012221,10.0,0.4699999999999971,31.619999999999777,21.62381426073125,54.60715892079139,False,False
1118847779100.0,20.133,1619.051,6.891,440.679,1178.446401389558,0.1,0.009999999999976694,10.0,0.730000000000004,33.67999999999995,23.686604198685473,49.75159763318703,False,False
1118847779200.0,20.134,1620.051,6.904,444.251,1175.8744290526943,0.1,0.010000000000012221,10.0,0.129999999999999,35.72000000000003,25.71972336863837,45.718782126813615,False,False
1118847779300.0,20.134,1621.051,6.879,448.072,1173.0538902650635,0.1,0.0,10.0,-0.25000000000000355,38.210000000000264,28.205387876307668,41.58970957638986,False,False
1118847779400.0,20.135,1622.051,6.787,452.163,1169.964145454039,0.1,0.010000000000012221,10.0,-0.9199999999999964,40.91000000000008,30.897448110245023,37.86604451213887,False,False
1118847779500.0,20.135,1623.051,6.655,456.479,1166.6498796057024,0.1,0.0,10.0,-1.3199999999999967,43.15999999999974,33.142658483366176,35.20085391433603,False,False
1118847779600.0,20.137,1624.051,6.472,461.068,1163.063278809025,0.1,0.019999999999988916,10.0,-1.8299999999999983,45.889999999999986,35.866007966774305,32.428010384832014,False,False
1118847779700.0,20.136,1625.052,6.31,465.553,1159.5814284805529,0.1,-0.010000000000012221,10.009999999999764,-1.620000000000008,44.850000000000136,34.81850328472092,33.30359777381359,False,False
1118847779800.0,20.137,1626.052,6.115,469.766,1156.3710175717824,0.1,0.010000000000012221,10.0,-1.949999999999994,42.13000000000022,32.10410908770427,36.0194084318841,False,False
1118847779900.0,20.138,1627.051,5.974,473.684,1153.4539676922525,0.1,0.010000000000012221,9.990000000000236,-1.4100000000000001,39.180000000000064,29.17049879529941,39.54179788924701,False,False
1118847780000.0,20.139,1628.051,5.896,477.274,1150.8651383971974,0.1,0.009999999999976694,10.0,-0.7800000000000029,35.89999999999975,25.888292950551204,44.45504153539384,False,False
1118847780100.0,20.139,1629.051,5.799,480.596,1148.544523571028,0.1,0.0,10.0,-0.9699999999999953,33.22000000000003,23.20614826169276,49.493113230986836,False,False
1118847780200.0,20.139,1630.051,5.838,483.677,1146.4631989196162,0.1,0.0,10.0,0.389999999999997,30.810000000000173,20.813246514119328,55.0833431075674,False,False
1118847780300.0,20.14,1631.051,5.909,486.642,1144.4974795262765,0.1,0.010000000000012221,10.0,0.7099999999999973,29.64999999999975,19.657193933396684,58.22283095970412,False,False
1118847780400.0,20.141,1632.051,5.973,489.63,1142.5088504974478,0.1,0.009999999999976694,10.0,0.6400000000000006,29.879999999999995,19.886290288286546,57.45208552901444,False,False
1118847780500.0,20.142,1633.051,6.038,492.608,1140.5302096240152,0.1,0.010000000000012221,10.0,0.6500000000000039,29.780000000000086,19.78640873432596,57.64210296764944,False,False
1118847780600.0,20.142,1634.051,6.138,495.569,1138.568125471638,0.1,0.0,10.0,0.9999999999999964,29.610000000000127,19.620841523772015,58.028506274421694,False,False
1118847780700.0,20.143,1635.051,6.247,498.54,1136.5959492876086,0.1,0.010000000000012221,10.0,1.0899999999999999,29.710000000000036,19.72176184029422,57.63156245834942,False,False
1118847780800.0,20.143,1636.051,6.355,501.533,1134.6017809205132,0.1,0.0,10.0,1.0800000000000054,29.92999999999995,19.941683670954262,56.89598730186956,False,False
1118847780900.0,20.144,1637.049,6.464,504.536,1132.5956196140792,0.1,0.009999999999976694,9.980000000000473,1.0899999999999999,30.02999999999986,20.061613064340236,56.45586005381002,False,False
1118847781000.0,20.144,1638.059,6.574,507.534,1130.6064392727471,0.1,0.0,10.099999999999909,1.0999999999999943,29.979999999999905,19.891803413320304,56.83780478725475,False,False
1118847781100.0,20.145,1639.082,6.683,510.532,1128.6302884222098,0.1,0.010000000000012221,10.230000000001382,1.0899999999999999,29.979999999999905,19.761508505373513,57.112557379681554,False,False
1118847781200.0,20.164,1640.072,6.792,513.53,1126.621359706978,0.1,0.19000000000001904,9.899999999997817,1.0899999999999999,29.979999999999905,20.08928715231832,56.080703668819076,False,False
1118847781300.0,20.194,1640.916,6.9,516.528,1124.4665868668574,0.1,0.29999999999997584,8.44000000000051,1.0800000000000054,29.980000000000473,21.54772840120586,52.18492482965999,False,False
1118847781400.0,20.171,1641.624,7.01,519.526,1122.1751795174405,0.1,-0.22999999999999687,7.080000000000837,1.0999999999999943,29.979999999999336,22.91407349416886,48.97318583721091,False,False
1118847781500.0,20.106,1642.197,7.119,522.524,1119.7483150681671,0.1,-0.6499999999999773,5.729999999998654,1.0899999999999999,29.980000000000473,24.26864449273353,46.1397139590322,False,False
1118847781600.0,20.037,1642.618,7.228,525.52,1117.1714336148234,0.1,-0.6900000000000261,4.210000000000491,1.0899999999999999,29.95999999999981,25.768814533437308,43.353621570957216,False,False
1118847781700.0,20.031,1643.021,7.337,528.522,1114.5712891677229,0.1,-0.060000000000002274,4.0300000000002,1.0899999999999999,30.020000000000664,26.00144447100547,42.8657450323806,False,False
1118847781800.0,20.038,1643.453,7.446,531.537,1111.9872973734907,0.1,0.0700000000000145,4.320000000000164,1.0899999999999999,30.149999999999864,25.839917942321335,43.03370079795211,False,False
1118847781900.0,20.038,1643.912,7.556,534.542,1109.4402179585882,0.1,0.0,4.5900000000006,1.1000000000000032,30.049999999999955,25.47079414902555,43.557346954611255,False,False
1118847782000.0,20.039,1644.366,7.704,537.488,1106.9467282164035,0.1,0.010000000000012221,4.539999999999509,1.4799999999999969,29.460000000000264,24.934897421846927,44.39347431389641,False,False
1118847782100.0,20.039,1644.814,7.828,540.294,1104.5874971775663,0.1,0.0,4.480000000000928,1.2400000000000055,28.059999999999263,23.592310388371516,46.81981031082101,False,False
1118847782200.0,20.039,1645.265,7.903,542.985,1102.3468060896264,0.1,0.0,4.510000000000218,0.7499999999999929,26.91000000000031,22.40691087939922,49.19673274119716,False,False
1118847782300.0,20.033,1645.714,7.955,545.535,1100.2452954341593,0.1,-0.060000000000002274,4.4899999999984175,0.5200000000000049,25.499999999999545,21.015106554671092,52.354971057218094,False,False
1118847782400.0,20.039,1646.161,8.045,548.026,1098.200498206498,0.1,0.060000000000002274,4.470000000001164,0.8999999999999986,24.909999999999854,20.4479722766132,53.707061186821655,False,False
1118847782500.0,20.073,1646.607,8.137,550.515,1096.1569871875106,0.1,0.3399999999999892,4.459999999999127,0.9200000000000053,24.890000000000327,20.43511018987374,53.64086501137106,False,False
1118847782600.0,20.117,1647.059,8.228,553.018,1094.1055972811764,0.1,0.44000000000000483,4.519999999999982,0.909999999999993,25.030000000000427,20.513899063341796,53.33484355669547,False,False
1118847782700.0,20.139,1647.543,8.318,555.506,1092.1009776618644,0.1,0.21999999999998465,4.839999999999236,0.8999999999999986,24.879999999999427,20.046196193120522,54.479212272533424,False,False
1118847782800.0,20.133,1648.089,8.415,557.939,1090.2129764518493,0.1,-0.060000000000002274,5.460000000000491,0.9699999999999953,24.329999999999927,18.880012100150907,57.74429437167232,False,False
1118847782900.0,20.152,1648.699,8.5,560.307,1088.4543696306246,0.1,0.19000000000001904,6.100000000001273,0.8500000000000085,23.68000000000052,17.586068212247028,61.892991457443536,False,False
1118847783000.0,20.152,1649.35,8.59,562.63,1086.7815043715086,0.1,0.0,6.509999999998399,0.8999999999999986,23.22999999999979,16.728652591159516,64.96527430701938,False,False
1118847783100.0,20.153,1650.014,8.706,564.927,1085.1473777224917,0.1,0.009999999999976694,6.639999999999873,1.1599999999999966,22.970000000000255,16.341266490169346,66.40534124911919,False,False
1118847783200.0,20.139,1650.768,8.772,567.191,1083.6366197291416,0.1,-0.13999999999999346,7.540000000001328,0.6600000000000072,22.6400000000001,15.107579933501256,71.72800835732554,False,False
1118847783300.0,20.153,1651.647,8.729,569.411,1082.2962937532402,0.1,0.13999999999999346,8.789999999999054,-0.4300000000000104,22.199999999999136,13.403259759013508,80.74873674110589,False,False
1118847783400.0,20.158,1652.544,8.644,571.607,1080.9983210740895,0.1,0.05000000000002558,8.970000000001619,-0.8499999999999908,21.960000000000264,12.979726791506891,83.28359590599597,False,False
1118847783500.0,20.134,1653.367,8.6,573.83,1079.5986140807147,0.1,-0.2400000000000091,8.229999999998654,-0.44000000000000483,22.2300000000007,13.997069933748207,77.1303293611261,False,False
1118847783600.0,20.085,1654.123,8.666,576.113,1078.0704771307858,0.1,-0.4899999999999949,7.560000000000855,0.6600000000000072,22.830000000000155,15.281369499289212,70.54802759536247,False,False
1118847783700.0,20.094,1654.926,8.79,578.431,1076.5543485774417,0.1,0.09000000000000341,8.029999999998836,1.2399999999999878,23.179999999999836,15.161285533440605,71.00679861235588,False,False
1118847783800.0,20.095,1655.814,8.88,580.725,1075.147494135572,0.1,0.009999999999976694,8.880000000001473,0.9000000000000163,22.939999999999827,14.068544418696547,76.42208476853817,False,False
1118847783900.0,20.082,1656.694,8.939,582.931,1073.8208168116316,0.1,-0.12999999999998124,8.799999999998818,0.5899999999999928,22.060000000000173,13.266773239404301,80.94061739309926,False,False
1118847784000.0,20.069,1657.541,8.939,585.028,1072.5707492137756,0.1,-0.13000000000001677,8.4699999999998,0.0,20.9699999999998,12.500675978560594,85.80101996510417,False,False
1118847784100.0,20.04,1658.411,8.908,587.045,1071.4238318144692,0.1,-0.28999999999999915,8.700000000001182,-0.3100000000000058,20.16999999999939,11.469173993064032,93.4176979495133,False,False
1118847784200.0,20.042,1659.357,8.87,589.031,1070.3843047522698,0.1,0.020000000000024443,9.459999999999127,-0.38000000000000256,19.8599999999999,10.395270621993404,102.96839242334339,False,False
1118847784300.0,20.026,1660.358,8.839,591.019,1069.3975153748956,0.1,-0.1600000000000179,10.009999999999764,-0.30999999999998806,19.880000000000564,9.867893773741798,108.3714052760209,False,False
1118847784400.0,20.01,1661.372,8.808,593.018,1068.412726487288,0.1,-0.15999999999998238,10.140000000001237,-0.3100000000000058,19.990000000000236,9.847888876076922,108.49154980645037,False,False
1118847784500.0,19.994,1662.377,8.777,595.019,1067.4169388074183,0.1,-0.1600000000000179,10.049999999998818,-0.3100000000000058,20.009999999999764,9.957876798696361,107.19322606473295,False,False
1118847784600.0,19.979,1663.375,8.746,597.019,1066.4151626008513,0.1,-0.15000000000000568,9.980000000000473,-0.30999999999998806,20.0,10.017762065670013,106.45243474641528,False,False
1118847784700.0,19.963,1664.375,8.715,599.018,1065.4163763303998,0.1,-0.15999999999998238,10.0,-0.3100000000000058,19.990000000000236,9.987862704515464,106.67110750818894,False,False
1118847784800.0,19.948,1665.374,8.684,601.018,1064.4156013663085,0.1,-0.15000000000000568,9.990000000000236,-0.3100000000000058,20.0,10.007749640913062,106.35913562573853,False,False
1118847784900.0,19.932,1666.374,8.653,603.02,1063.4138165159413,0.1,-0.1600000000000179,10.0,-0.30999999999998806,20.019999999999527,10.017848503671303,106.15191636469902,False,False
1118847785000.0,19.917,1667.374,8.623,605.015,1062.419031887607,0.1,-0.14999999999997016,10.0,-0.30000000000001137,19.950000000000045,9.947846283344006,106.79889914125923,False,False
1118847785100.0,19.902,1668.374,8.591,606.998,1061.4362685046144,0.1,-0.15000000000000568,10.0,-0.3200000000000003,19.83000000000061,9.827633829925162,108.00527236500602,False,False
1118847785200.0,19.887,1669.374,8.561,608.991,1060.4434850405748,0.1,-0.15000000000000568,10.0,-0.2999999999999936,19.92999999999938,9.927834640395758,106.81518412138881,False,False
1118847785300.0,19.87,1670.374,8.488,611.045,1059.3901453973415,0.1,-0.1699999999999946,10.0,-0.730000000000004,20.539999999999736,10.533396432333575,100.5744113214434,False,False
1118847785400.0,19.855,1671.374,8.432,613.237,1058.1986560651078,0.1,-0.15000000000000568,10.0,-0.5599999999999916,21.920000000000073,11.914893322336866,88.81310368774359,False,False
1118847785500.0,19.84,1672.374,8.419,615.545,1056.8907107558475,0.1,-0.15000000000000568,10.0,-0.129999999999999,23.079999999999927,13.079453092602762,80.80542078273781,False,False
1118847785600.0,19.825,1673.376,8.422,617.99,1055.4476005017966,0.1,-0.15000000000000568,10.019999999999527,0.030000000000001137,24.4500000000005,14.431102540509073,73.13700374168116,False,False
1118847785700.0,19.808,1674.371,8.383,620.497,1053.9359271326698,0.1,-0.1699999999999946,9.950000000001182,-0.3900000000000148,25.06999999999948,15.11673369126811,69.7198183587408,False,False
1118847785800.0,19.793,1675.354,8.343,623.013,1052.403289039425,0.1,-0.15000000000000568,9.829999999999472,-0.3999999999999915,25.160000000000764,15.326380932447137,68.66613153346631,False,False
1118847785900.0,19.778,1676.347,8.305,625.519,1050.8906295676063,0.1,-0.15000000000000568,9.929999999999382,-0.38000000000000256,25.059999999999718,15.12659471818779,69.47304724863456,False,False
1118847786000.0,19.72,1677.401,8.266,628.018,1049.4455082590043,0.1,-0.5799999999999983,10.540000000000873,-0.389999999999997,24.990000000000236,14.451213086019834,72.61989024812335,False,False
1118847786100.0,19.681,1678.593,8.228,630.505,1048.1505745612128,0.1,-0.38999999999997925,11.920000000000073,-0.38000000000000256,24.869999999999663,12.949336977915209,80.94241244542552,False,False
1118847786200.0,19.682,1679.901,8.189,632.978,1046.9860825139945,0.1,0.009999999999976694,13.079999999999927,-0.389999999999997,24.729999999999563,11.644920472183458,89.9092514212492,False,False
1118847786300.0,19.701,1681.346,8.173,635.451,1045.958529679356,0.1,0.19000000000001904,14.449999999999363,-0.16000000000000014,24.7300000000007,10.275528346385272,101.79121641441469,False,False
1118847786400.0,19.677,1682.854,8.157,637.937,1044.9805009132945,0.1,-0.2400000000000091,15.080000000000382,-0.16000000000000014,24.8599999999999,9.780287660614704,106.84557930963925,False,False
1118847786500.0,19.654,1684.37,8.142,640.437,1043.9964725194238,0.1,-0.22999999999999687,15.15999999999849,-0.15000000000000568,25.0,9.840283938706307,106.09414108600174,False,False
1118847786600.0,19.63,1685.874,8.126,642.939,1042.9984449849387,0.1,-0.2400000000000091,15.040000000001328,-0.16000000000000014,25.019999999999527,9.98027534485118,104.50597893804816,False,False
1118847786700.0,19.608,1687.371,8.111,645.439,1041.9954287965952,0.1,-0.21999999999998465,14.97000000000071,-0.14999999999998792,25.0,10.030161883435085,103.88620252654759,False,False
1118847786800.0,19.584,1688.871,8.094,647.941,1040.9934125632112,0.1,-0.2400000000000091,15.0,-0.17000000000001236,25.020000000000664,10.020162333839835,103.88987502204381,False,False
1118847786900.0,19.561,1690.372,8.079,650.436,1039.999384817126,0.1,-0.22999999999999687,15.009999999999764,-0.14999999999998792,24.950000000000045,9.94027746085294,104.62478425907915,False,False
1118847787000.0,19.538,1691.872,8.063,652.919,1039.0163674524092,0.1,-0.22999999999999687,15.0,-0.16000000000000014,24.829999999999472,9.830173647167157,105.69664430615946,False,False
1118847787100.0,19.514,1693.371,8.047,655.412,1038.0223397258849,0.1,-0.2400000000000091,14.990000000000236,-0.16000000000000014,24.93000000000052,9.940277265243367,104.42589396931385,False,False
1118847787200.0,19.491,1694.871,7.99,657.965,1036.9697805804178,0.1,-0.22999999999999687,15.0,-0.5700000000000038,25.529999999999973,10.525591454670575,98.51890841918227,False,False
1118847787300.0,19.468,1696.371,7.952,660.662,1035.7730209543981,0.1,-0.22999999999999687,15.0,-0.38000000000000256,26.970000000000027,11.967596260196842,86.5481253239873,False,False
1118847787400.0,19.445,1697.871,7.956,663.484,1034.450802546936,0.1,-0.22999999999999687,15.0,0.040000000000004476,28.220000000000027,13.2221840746206,78.23600070222278,False,False
1118847787500.0,19.422,1699.371,7.978,666.43,1033.0043923512621,0.1,-0.22999999999999687,15.0,0.21999999999999353,29.459999999999127,14.464101956739341,71.41849493600593,False,False
1118847787600.0,19.398,1700.87,7.976,669.384,1031.5492379329257,0.1,-0.2400000000000091,14.989999999997963,-0.019999999999997797,29.540000000000646,14.551544183364058,70.88933139564917,False,False
1118847787700.0,19.375,1702.37,7.941,672.27,1030.1634561349958,0.1,-0.22999999999999687,15.0,-0.3500000000000014,28.859999999999673,13.857817979298943,74.33807094838974,False,False
1118847787800.0,19.351,1703.87,7.924,675.106,1028.8274607654093,0.1,-0.2400000000000091,15.0,-0.1699999999999946,28.360000000000127,13.359953695864988,77.00831037190194,False,False
1118847787900.0,19.329,1705.37,7.889,677.974,1027.4596899226751,0.1,-0.21999999999998465,15.0,-0.3500000000000014,28.68000000000052,13.677708427342168,75.11928590821186,False,False
1118847788000.0,19.306,1706.87,7.887,680.921,1026.0125458112097,0.1,-0.22999999999999687,15.0,-0.02000000000000668,29.470000000000027,14.471441114653771,70.89912730061626,False,False
1118847788100.0,19.282,1708.369,7.868,683.922,1024.5105832567078,0.1,-0.2400000000000091,14.990000000000236,-0.1899999999999924,30.009999999999764,15.019625545019153,68.21145974551001,False,False
1118847788200.0,19.259,1709.869,7.85,686.936,1022.9966215828866,0.1,-0.22999999999999687,15.0,-0.18000000000000682,30.1400000000001,15.139616738211998,67.5708400861212,False,False
1118847788300.0,19.235,1711.369,7.831,689.94,1021.492659423943,0.1,-0.2400000000000091,15.0,-0.1899999999999924,30.04000000000019,15.039621589436365,67.92010379712121,False,False
1118847788400.0,19.212,1712.869,7.812,692.938,1019.9947082024494,0.1,-0.22999999999999687,15.0,-0.19000000000000128,29.979999999999336,14.979512214936221,68.09265172102216,False,False
1118847788500.0,19.19,1714.368,7.793,695.938,1018.4937685175104,0.1,-0.21999999999998465,14.990000000000236,-0.19000000000000128,30.0,15.009396849389987,67.85707505354581,False,False
1118847788600.0,19.166,1715.868,7.774,698.938,1016.993806551446,0.1,-0.2400000000000091,15.0,-0.19000000000000128,30.0,14.999619660643475,67.80130627044296,False,False
1118847788700.0,19.143,1717.368,7.755,701.938,1015.4938559361154,0.1,-0.22999999999999687,15.0,-0.19000000000000128,30.0,14.999506153305902,67.70181935038573,False,False
1118847788800.0,19.119,1718.868,7.736,704.938,1013.9938942562721,0.1,-0.2400000000000091,15.0,-0.19000000000000128,30.0,14.999616798432953,67.60131994586732,False,False
1118847788900.0,19.096,1720.391,7.717,707.938,1012.5169425002231,0.1,-0.22999999999999687,15.230000000001382,-0.19000000000000128,30.0,14.769517560490613,68.5545034462581,False,False
1118847789000.0,19.073,1721.869,7.698,710.938,1010.9949937492272,0.1,-0.22999999999999687,14.779999999998381,-0.1899999999999924,30.0,15.219487509958753,66.42766342084059,False,False
1118847789100.0,19.05,1723.251,7.679,713.938,1009.3770512598352,0.1,-0.22999999999999687,13.820000000000618,-0.19000000000000128,30.0,16.179424893920213,62.386460450713024,False,False
1118847789200.0,19.038,1724.598,7.66,716.94,1007.7222354637213,0.1,-0.12000000000000455,13.4699999999998,-0.19000000000000128,30.020000000000664,16.54815796113894,60.896338905527585,False,False
1118847789300.0,19.045,1725.98,7.641,719.935,1006.1096328139395,0.1,0.0700000000000145,13.820000000000618,-0.19000000000000128,29.94999999999891,16.126026497818202,62.39042413517445,False,False
1118847789400.0,19.052,1727.463,7.622,722.919,1004.6090248629065,0.1,0.06999999999997897,14.829999999999472,-0.19000000000000128,29.840000000000373,15.006079510329755,66.94680140614759,False,False
1118847789500.0,19.059,1728.997,7.603,725.915,1003.147416215583,0.1,0.0700000000000145,15.340000000001055,-0.19000000000000128,29.95999999999981,14.616086473234873,68.63310627318447,False,False
1118847789600.0,19.073,1730.481,7.543,728.973,1001.5743681644415,0.1,0.13999999999999346,14.839999999999236,-0.5999999999999961,30.579999999999927,15.730480511415408,63.670932838803736,False,False
1118847789700.0,19.073,1731.926,7.525,732.14,999.8526901999114,0.1,0.0,14.449999999999363,-0.17999999999999794,31.6700000000003,17.21677964530045,58.07431533648249,False,False
1118847789800.0,19.021,1733.377,7.543,735.411,998.0320043164949,0.1,-0.519999999999996,14.510000000000218,0.17999999999999794,32.70999999999958,18.206858834165587,54.816265310063535,False,False
1118847789900.0,18.953,1734.954,7.522,738.735,996.2845796869486,0.1,-0.6800000000000139,15.769999999999982,-0.20999999999999908,33.24000000000069,17.474246295462308,57.01445217386358,False,False
1118847790000.0,18.939,1736.673,7.501,742.083,994.6557675618234,0.1,-0.13999999999999346,17.19000000000051,-0.20999999999999908,33.47999999999956,16.288121251252505,61.06632878149391,False,False
1118847790100.0,18.977,1738.525,7.464,745.471,993.1207359052574,0.1,0.38000000000000256,18.52000000000089,-0.3699999999999992,33.88000000000034,15.350316565659341,64.69708501823331,False,False
1118847790200.0,19.004,1740.516,7.459,748.92,991.6632060538498,0.1,0.27000000000001023,19.909999999999854,-0.050000000000007816,34.489999999999554,14.575298514076849,68.03724843756028,False,False
1118847790300.0,19.014,1742.539,7.436,752.42,990.1866916117384,0.1,0.0999999999999801,20.22999999999911,-0.22999999999999687,35.0,14.765144421113519,67.06244540323048,False,False
1118847790400.0,19.023,1744.548,7.415,755.934,988.68214642523,0.1,0.09000000000000341,20.090000000000146,-0.20999999999999908,35.1400000000001,15.045451865083805,65.71302446021437,False,False
1118847790500.0,19.032,1746.544,7.393,759.438,987.1746155351647,0.1,0.09000000000000341,19.960000000000946,-0.22000000000000242,35.04000000000019,15.075308900653681,65.48287813142984,False,False
1118847790600.0,19.041,1748.549,7.37,762.937,985.6810979140262,0.1,0.09000000000000341,20.049999999998818,-0.22999999999999687,34.99000000000024,14.935176211384942,65.99728613597816,False,False
1118847790700.0,19.051,1750.566,7.348,766.437,984.1985820199093,0.1,0.0999999999999801,20.170000000000528,-0.22000000000000242,35.0,14.825158941168866,66.38705095341876,False,False
1118847790800.0,19.057,1752.567,7.326,769.937,982.7000220112951,0.1,0.060000000000002274,20.009999999999764,-0.22000000000000242,35.0,14.98560008614163,65.57628766031702,False,False
1118847790900.0,19.125,1754.504,7.304,773.436,981.1392137026222,0.1,0.6800000000000139,19.36999999999898,-0.21999999999999353,34.99000000000024,15.608083086729039,62.86096814392587,False,False
1118847791000.0,19.183,1756.296,7.282,776.937,979.4313067704136,0.1,0.5799999999999983,17.920000000001437,-0.22000000000000242,35.00999999999976,17.079069322086298,57.34687811728906,False,False
1118847791100.0,19.198,1757.975,7.26,780.439,977.608892727557,0.1,0.15000000000000568,16.7899999999986,-0.22000000000000242,35.01999999999953,18.224140428566216,53.643621577627975,False,False
1118847791200.0,19.204,1759.511,7.235,783.943,975.641419572273,0.1,0.060000000000002274,15.360000000000582,-0.24999999999999467,35.04000000000019,19.67473155283983,49.58855051983924,False,False
1118847791300.0,19.217,1760.983,7.209,787.443,973.6140527252059,0.1,0.12999999999998124,14.7199999999998,-0.2600000000000069,35.0,20.273668470671282,48.02357571022115,False,False
1118847791400.0,19.218,1762.464,7.186,790.948,971.5905039058379,0.1,0.010000000000012221,14.809999999999945,-0.22999999999999687,35.049999999999955,20.235488193679885,48.01418649288101,False,False
1118847791500.0,19.208,1764.003,7.166,794.47,969.6077804210317,0.1,-0.10000000000001563,15.389999999999873,-0.19999999999999574,35.22000000000048,19.827234848061153,48.90282421382863,False,False
1118847791600.0,19.216,1765.622,7.155,797.697,968.0001411911055,0.1,0.08000000000002672,16.19000000000142,-0.11000000000000121,32.269999999999754,16.076392299262352,60.21252300713769,False,False
1118847791700.0,19.221,1767.328,7.231,800.594,966.8083506341884,0.1,0.04999999999999005,17.059999999999036,0.7599999999999962,28.970000000000482,11.917905569171126,81.12233689240657,False,False
1118847791800.0,19.232,1769.121,7.382,803.059,966.1346750551913,0.1,0.10999999999999233,17.9300000000012,1.509999999999998,24.64999999999918,6.73675578997063,143.41245328998386,False,False
1118847791900.0,19.242,1771.004,7.63,805.074,965.9997947432494,0.1,0.10000000000001563,18.82999999999811,2.480000000000002,20.149999999999864,1.3488031194196992,716.1903622812314,False,False
1118847792000.0,19.268,1772.963,7.856,806.751,966.2793916295639,0.1,0.259999999999998,19.5900000000006,2.26,16.77000000000021,-2.7959688631449353,inf,False,False
1118847792100.0,19.277,1774.966,8.135,808.052,966.9781939423452,0.1,0.09000000000000341,20.02999999999929,2.789999999999999,13.010000000000446,-6.988023127813676,inf,False,False
1118847792200.0,19.286,1776.979,8.452,809.676,967.3636696532488,0.1,0.09000000000000341,20.130000000001473,3.1700000000000017,16.240000000000236,-3.8547571090362,inf,False,False
1118847792300.0,19.296,1778.983,8.733,811.428,967.6126575205597,0.1,0.0999999999999801,20.039999999999054,2.810000000000006,17.519999999999527,-2.4898786731080236,inf,False,False
1118847792400.0,19.306,1780.982,8.968,813.479,967.5582304197509,0.1,0.10000000000001563,19.990000000000236,2.3499999999999943,20.510000000000446,0.5442710080876623,1777.714072662699,False,False
1118847792500.0,19.315,1782.982,9.178,815.357,967.6780969899029,0.1,0.09000000000000341,20.0,2.1000000000000085,18.77999999999929,-1.1986657015199853,inf,False,False
1118847792600.0,19.325,1784.982,9.368,817.037,967.9962111878331,0.1,0.0999999999999801,20.0,1.899999999999995,16.800000000000637,-3.181141979301856,inf,False,False
1118847792700.0,19.334,1786.982,9.585,818.538,968.4930687088059,0.1,0.09000000000000341,20.0,2.1700000000000053,15.009999999999764,-4.9685752097286695,inf,False,False
1118847792800.0,19.344,1788.982,9.751,819.859,969.1704776653073,0.1,0.10000000000001563,20.0,1.659999999999986,13.210000000000264,-6.77408956501381,inf,False,False
1118847792900.0,19.353,1790.982,9.986,821.632,969.3952564300075,0.1,0.09000000000000341,20.0,2.350000000000012,17.72999999999911,-2.247787647002042,inf,False,False
1118847793000.0,19.363,1792.974,10.279,823.798,969.2185708249713,0.1,0.0999999999999801,19.919999999999618,2.9299999999999926,21.660000000000537,1.7668560503625486,548.5554811474841,False,False
1118847793100.0,19.372,1794.982,10.521,826.422,968.6004407396271,0.1,0.09000000000000341,20.080000000000382,2.420000000000009,26.240000000000236,6.181300853442053,156.6984788000187,False,False
1118847793200.0,19.382,1797.021,10.846,829.413,967.6456505146912,0.1,0.10000000000001563,20.389999999999873,3.249999999999993,29.909999999999854,9.547902249358913,101.34641361453643,False,False
1118847793300.0,19.388,1799.072,10.888,832.741,966.3683829477244,0.1,0.060000000000002274,20.50999999999931,0.41999999999999815,33.279999999999745,12.772675669667706,75.65904027788294,False,False
1118847793400.0,19.384,1801.111,10.892,835.693,965.4553478996324,0.1,-0.04000000000001336,20.390000000002146,0.039999999999995595,29.519999999999982,9.13035048091956,105.74132394120285,False,False
1118847793500.0,19.381,1803.119,10.848,838.38,964.7767359394607,0.1,-0.030000000000001137,20.07999999999811,-0.43999999999998707,26.87000000000012,6.786119601717928,142.1691323706149,False,False
1118847793600.0,19.376,1805.111,10.781,840.768,964.3813020138871,0.1,-0.04999999999999005,19.92000000000189,-0.6700000000000017,23.880000000000337,3.9543392557357038,243.87925254897337,False,False
1118847793700.0,19.373,1807.111,10.716,842.909,964.2408622605662,0.1,-0.030000000000001137,20.0,-0.6500000000000128,21.409999999999627,1.4043975332083392,686.5868384557489,False,False
1118847793800.0,19.369,1809.111,10.672,844.85,964.3002198122741,0.1,-0.04000000000001336,20.0,-0.43999999999998707,19.41000000000031,-0.5935755170787615,inf,False,False
1118847793900.0,19.365,1811.111,10.616,846.73,964.4206852624015,0.1,-0.04000000000001336,20.0,-0.5600000000000094,18.799999999999955,-1.2046545012742627,inf,False,False
1118847794000.0,19.361,1813.113,10.576,848.579,964.5740061711181,0.1,-0.03999999999997783,20.019999999999527,-0.3999999999999915,18.489999999999327,-1.5332090871652326,inf,False,False
1118847794100.0,19.357,1815.108,10.557,850.388,964.7601351631398,0.1,-0.04000000000001336,19.94999999999891,-0.19000000000000128,18.090000000000828,-1.8612899202173594,inf,False,False
1118847794200.0,19.354,1817.095,10.561,852.118,965.017060666805,0.1,-0.030000000000001137,19.8700000000008,0.039999999999995595,17.300000000000182,-2.5692550366522937,inf,False,False
1118847794300.0,19.35,1819.092,10.509,853.708,965.4244821512453,0.1,-0.03999999999997783,19.97000000000071,-0.519999999999996,15.899999999999181,-4.074214844403059,inf,False,False
1118847794400.0,19.33,1821.133,10.436,855.179,965.9949447859445,0.1,-0.20000000000003126,20.4099999999994,-0.730000000000004,14.710000000000036,-5.704626346991972,inf,False,False
1118847794500.0,19.325,1823.249,10.408,856.62,966.6701280840326,0.1,-0.04999999999999005,21.159999999999854,-0.2800000000000047,14.41000000000031,-6.751832980880863,inf,False,False
1118847794600.0,19.319,1825.457,10.375,858.047,967.4513441181423,0.1,-0.060000000000002274,22.080000000000837,-0.32999999999999474,14.27000000000021,-7.8121603410966145,inf,False,False
1118847794700.0,19.316,1827.762,10.387,859.438,968.3651666685455,0.1,-0.030000000000001137,23.049999999998363,0.12000000000000455,13.909999999999627,-9.138225504032107,inf,False,False
1118847794800.0,19.329,1830.151,10.319,860.749,969.4438703215366,0.1,0.13000000000001677,23.890000000001237,-0.6799999999999962,13.110000000000355,-10.787036529910665,inf,False,False
1118847794900.0,19.323,1832.572,10.293,862.014,970.6000063177414,0.1,-0.060000000000002274,24.209999999998217,-0.2600000000000158,12.649999999999864,-11.561359962048527,inf,False,False
1118847795000.0,19.336,1834.948,10.266,863.311,971.6793322228275,0.1,0.12999999999998124,23.760000000002037,-0.26999999999999247,12.970000000000255,-10.793259050860797,inf,False,False
1118847795100.0,19.314,1837.237,10.273,864.607,972.6720190182301,0.1,-0.21999999999998465,22.889999999999873,0.06999999999999673,12.959999999999354,-9.926867954026193,inf,False,False
1118847795200.0,19.31,1839.485,10.281,865.759,973.7678603840855,0.1,-0.04000000000001336,22.4799999999982,0.08000000000000895,11.520000000000437,-10.958413658553354,inf,False,False
1118847795300.0,19.289,1841.775,10.256,866.755,975.0618418792728,0.1,-0.20999999999997243,22.90000000000191,-0.25000000000000355,9.959999999999809,-12.939814951873814,inf,False,False
1118847795400.0,19.301,1844.148,10.242,867.606,976.5840175043824,0.1,0.11999999999996902,23.7299999999982,-0.13999999999999346,8.509999999999991,-15.221756251095258,inf,False,False
1118847795500.0,19.296,1846.562,10.173,868.279,978.3255374454864,0.1,-0.04999999999999005,24.139999999999873,-0.6900000000000084,6.730000000000018,-17.41519941104002,inf,False,False
1118847795600.0,19.292,1848.949,10.111,868.886,980.1060017824603,0.1,-0.03999999999997783,23.87000000000171,-0.6199999999999939,6.069999999999709,-17.80464336973978,inf,False,False
1118847795700.0,19.287,1851.296,10.134,869.523,981.8156654576255,0.1,-0.05000000000002558,23.4699999999998,0.22999999999999687,6.370000000000573,-17.096636751651886,inf,False,False
1118847795800.0,19.282,1853.63,10.189,870.128,983.5440339166315,0.1,-0.04999999999999005,23.3400000000006,0.5499999999999972,6.050000000000182,-17.28368459005992,inf,False,False
1118847795900.0,19.278,1855.961,10.179,870.58,985.4230091498777,0.1,-0.04000000000001336,23.309999999999036,-0.09999999999999787,4.519999999999982,-18.789752332461376,inf,False,False
1118847796000.0,19.292,1858.256,10.078,870.883,987.4159908189658,0.1,0.140000000000029,22.950000000000728,-1.0100000000000087,3.0299999999999727,-19.929816690881808,inf,False,False
1118847796100.0,19.286,1860.469,10.248,871.109,989.4012811008483,0.1,-0.060000000000002274,22.129999999999654,1.6999999999999993,2.259999999999991,-19.852902818824987,inf,False,False
1118847796200.0,19.282,1862.57,10.528,871.433,991.17565813785,0.1,-0.04000000000001336,21.009999999998854,2.8000000000000114,3.2399999999995543,-17.743770370016136,inf,False,False
1118847796300.0,19.256,1864.601,10.928,871.871,992.7649311312323,0.1,-0.259999999999998,20.310000000001764,4.0000000000000036,4.379999999999882,-15.892729933823375,inf,False,False
1118847796400.0,19.224,1866.647,11.168,872.367,994.3126357117262,0.1,-0.3200000000000003,20.459999999998217,2.3999999999999844,4.959999999999809,-15.47704580493928,inf,False,False
1118847796500.0,19.243,1868.819,11.236,872.845,996.0061850837071,0.1,0.18999999999998352,21.720000000000255,0.6800000000000139,4.780000000000655,-16.935493719809074,inf,False,False
1118847796600.0,19.306,1871.117,11.135,873.299,997.85145505982,0.1,0.6300000000000239,22.980000000000018,-1.0100000000000087,4.539999999999509,-18.452699761128315,inf,False,False
1118847796700.0,19.422,1873.557,11.14,873.802,999.7893035780089,0.1,1.1599999999999966,24.400000000000546,0.050000000000007816,5.0300000000004275,-19.378485181889573,inf,False,False
1118847796800.0,19.514,1876.055,11.098,874.425,1001.6653562722433,0.1,0.9199999999999875,24.980000000000473,-0.41999999999999815,6.229999999999336,-18.760526942344313,inf,False,False
1118847796900.0,19.578,1878.56,11.098,875.195,1003.4008339766316,0.1,0.6400000000000006,25.049999999998818,0.0,7.700000000000955,-17.35477704388245,inf,False,False
1118847797000.0,19.688,1881.05,11.098,876.116,1004.9707122379239,0.1,1.0999999999999943,24.90000000000009,0.0,9.209999999999354,-15.698782612922741,inf,False,False
1118847797100.0,19.892,1883.536,11.104,877.196,1006.3783704670923,0.1,2.0400000000000063,24.860000000001037,0.05999999999998451,10.80000000000041,-14.07658229168419,inf,False,False
1118847797200.0,20.134,1886.041,11.108,878.425,1007.6564256392156,0.1,2.420000000000009,25.049999999998818,0.04000000000001336,12.289999999999281,-12.78055172123345,inf,False,False
1118847797300.0,20.338,1888.511,11.155,879.807,1008.7457990519712,0.1,2.0400000000000063,24.700000000000273,0.4699999999999882,13.820000000000618,-10.89373412755549,inf,False,False
1118847797400.0,20.449,1890.918,11.178,881.299,1009.6615653782211,0.1,1.1100000000000065,24.069999999999254,0.23000000000001464,14.919999999999618,-9.157663262499227,inf,False,False
1118847797500.0,20.542,1893.315,11.182,882.819,1010.539348870691,0.1,0.9299999999999997,23.97000000000162,0.039999999999995595,15.199999999999818,-8.777834924699164,inf,False,False
1118847797600.0,20.672,1895.731,11.155,884.344,1011.431775780255,0.1,1.29999999999999,24.1599999999994,-0.27000000000001023,15.25000000000091,-8.924269095639374,inf,False,False
1118847797700.0,20.81,1898.155,11.222,885.853,1012.3474052656035,0.1,1.3799999999999812,24.23999999999978,0.6700000000000017,15.089999999999009,-9.156294853485178,inf,False,False
1118847797800.0,20.858,1900.473,11.417,887.188,1013.3289809859382,0.1,0.4800000000000182,23.179999999999836,1.9500000000000028,13.350000000000364,-9.815757203347175,inf,False,False
1118847797900.0,20.867,1902.659,11.429,888.343,1014.3599083658621,0.1,0.09000000000000341,21.86000000000149,0.12000000000000455,11.549999999999727,-10.309273799239236,inf,False,False
1118847798000.0,20.788,1904.701,11.35,889.286,1015.4588608451846,0.1,-0.7900000000000063,20.419999999999163,-0.7900000000000063,9.429999999999836,-10.9895247932252,inf,False,False
1118847798100.0,20.714,1906.673,11.152,890.006,1016.7119654715391,0.1,-0.7400000000000162,19.7199999999998,-1.980000000000004,7.200000000000273,-12.531046263544567,inf,False,False
1118847798200.0,20.623,1908.643,10.789,890.543,1018.1474930264279,0.1,-0.9099999999999753,19.700000000000273,-3.6299999999999955,5.370000000000346,-14.355275548888358,inf,False,False
1118847798300.0,20.59,1910.675,10.364,890.881,1019.8452693972748,0.1,-0.3300000000000125,20.319999999999254,-4.249999999999989,3.3799999999996544,-16.977763708468956,inf,False,False
1118847798400.0,20.674,1912.806,9.955,891.171,1021.6912303558253,0.1,0.8399999999999963,21.310000000000855,-4.090000000000007,2.900000000000773,-18.459609585504495,inf,False,False
1118847798500.0,20.765,1915.04,9.547,891.48,1023.6214716016854,0.1,0.9100000000000108,22.339999999999236,-4.079999999999995,3.0899999999996908,-19.302412458600884,inf,False,False
1118847798600.0,20.828,1917.352,9.138,891.801,1025.6176235327666,0.1,0.6299999999999883,23.120000000001255,-4.090000000000007,3.2100000000002638,-19.96151931081272,inf,False,False
1118847798700.0,20.8,1919.729,8.73,892.126,1027.673883344809,0.1,-0.2799999999999869,23.769999999999527,-4.079999999999995,3.249999999999318,-20.56259812042299,inf,False,False
1118847798800.0,20.731,1922.17,8.322,892.452,1029.792766922064,0.1,-0.6899999999999906,24.41000000000031,-4.0800000000000125,3.2600000000002183,-21.188835772550192,inf,False,False
1118847798900.0,20.652,1924.659,7.894,892.754,1031.9838640158093,0.1,-0.7900000000000063,24.890000000000327,-4.2799999999999905,3.020000000000209,-21.91097093745384,inf,False,False
1118847799000.0,20.574,1927.171,7.561,893.005,1034.2478686103252,0.1,-0.779999999999994,25.119999999999436,-3.330000000000002,2.5099999999997635,-22.640045945158818,inf,False,False
1118847799100.0,20.496,1929.675,7.332,893.186,1036.5725917739676,0.1,-0.7800000000000296,25.039999999999054,-2.290000000000001,1.8100000000004002,-23.24723163642375,inf,False,False
1118847799200.0,20.418,1932.172,7.209,893.297,1038.9589709444738,0.1,-0.779999999999994,24.97000000000071,-1.2300000000000022,1.1099999999999,-23.863791705061885,inf,False,False
1118847799300.0,20.34,1934.671,7.183,893.349,1041.4051153768164,0.1,-0.779999999999994,24.990000000000236,-0.259999999999998,0.5200000000002092,-24.46144432342635,inf,False,False
1118847799400.0,20.262,1937.17,7.213,893.36,1043.8915616581064,0.1,-0.779999999999994,24.990000000000236,0.3000000000000025,0.10999999999967258,-24.8644628129,inf,False,False
1118847799500.0,20.183,1939.669,7.207,893.36,1046.3894590720035,0.1,-0.7900000000000063,24.990000000000236,-0.060000000000002274,0.0,-24.978974138971353,inf,False,False
1118847799600.0,20.105,1942.168,7.207,893.36,1048.887305323122,0.1,-0.779999999999994,24.989999999997963,0.0,0.0,-24.97846251118517,inf,False,False
1118847799700.0,20.028,1944.667,7.207,893.36,1051.3851750381493,0.1,-0.7700000000000173,24.990000000000236,0.0,0.0,-24.978697150272637,inf,False,False
1118847799800.0,19.949,1947.165,7.207,893.36,1053.8820316283031,0.1,-0.7899999999999707,24.980000000000473,0.0,0.0,-24.968565901538113,inf,False,False
1118847799900.0,19.871,1949.664,7.207,893.36,1056.3799114485282,0.1,-0.7800000000000296,24.990000000000236,0.0,0.0,-24.9787982022508,inf,False,False
1118847800000.0,19.793,1952.163,7.207,893.36,1058.8778023006244,0.1,-0.779999999999994,24.990000000000236,0.0,0.0,-24.97890852096134,inf,False,False
1118847800100.0,19.715,1954.662,7.207,893.36,1061.3757041067033,0.1,-0.779999999999994,24.990000000000236,0.0,0.0,-24.979018060789713,inf,False,False
1118847800200.0,19.637,1957.16,7.207,893.36,1063.8726168578644,0.1,-0.779999999999994,24.980000000000473,0.0,0.0,-24.969127511610623,inf,False,False
1118847800300.0,19.559,1959.659,7.207,893.36,1066.370540339989,0.1,-0.779999999999994,24.990000000000236,0.0,0.0,-24.979234821246337,inf,False,False
1118847800400.0,19.481,1962.158,7.207,893.36,1068.8684745467983,0.1,-0.779999999999994,24.989999999997963,0.0,0.0,-24.979342068093047,inf,False,False
1118847800500.0,19.403,1964.657,7.207,893.36,1071.3664194032779,0.1,-0.7800000000000296,24.990000000000236,0.0,0.0,-24.979448564795348,inf,False,False
1118847800600.0,19.324,1967.156,7.207,893.36,1073.8643635510955,0.1,-0.7899999999999707,24.990000000000236,0.0,0.0,-24.97944147817634,inf,False,False
1118847800700.0,19.246,1969.655,7.207,893.36,1076.3623295833054,0.1,-0.7800000000000296,24.990000000000236,0.0,0.0,-24.97966032209888,inf,False,False
1118847800800.0,19.169,1972.175,7.207,893.36,1078.8813158401624,0.1,-0.7699999999999818,25.199999999999818,0.0,0.0,-25.189862568570334,inf,False,False
1118847800900.0,19.09,1974.652,7.207,893.36,1081.3572929207996,0.1,-0.7900000000000063,24.77000000000089,0.0,0.0,-24.759770806372217,inf,False,False
1118847801000.0,19.012,1977.04,7.207,893.36,1083.744296605523,0.1,-0.779999999999994,23.8799999999992,0.0,0.0,-23.870036847233678,inf,False,False
1118847801100.0,18.975,1979.393,7.207,893.36,1086.096755778692,0.1,-0.36999999999999034,23.530000000000655,0.0,0.0,-23.52459173169109,inf,False,False
1118847801200.0,18.946,1981.783,7.207,893.36,1088.486302646937,0.1,-0.28999999999999915,23.899999999998727,0.0,0.0,-23.895468682449064,inf,False,False
1118847801300.0,18.916,1984.257,7.207,893.36,1090.9598366988585,0.1,-0.30000000000001137,24.7400000000016,0.0,0.0,-24.735340519214333,inf,False,False
1118847801400.0,18.887,1986.761,7.207,893.36,1093.4633826521122,0.1,-0.28999999999999915,25.039999999999054,0.0,0.0,-25.03545953253706,inf,False,False
1118847801500.0,18.857,1989.259,7.207,893.36,1095.9609211559505,0.1,-0.30000000000001137,24.980000000000473,0.0,0.0,-24.975385038383138,inf,False,False
1118847801600.0,18.785,1991.818,7.207,893.36,1098.519015697043,0.1,-0.7199999999999918,25.58999999999969,0.0,0.0,-25.58094541092487,inf,False,False
1118847801700.0,18.756,1994.485,7.207,893.36,1101.185563393382,0.1,-0.28999999999999915,26.669999999999163,0.0,0.0,-26.665476963389665,inf,False,False
1118847801800.0,18.763,1997.255,7.207,893.36,1103.9554846826932,0.1,0.0700000000000145,27.700000000002092,0.0,0.0,-27.699212893112417,inf,False,False
1118847801900.0,18.729,2000.078,7.207,893.36,1106.777975931939,0.1,-0.3400000000000247,28.229999999998654,0.0,0.0,-28.22491249245786,inf,False,False
1118847802000.0,18.695,2002.927,7.207,893.36,1109.626469417975,0.1,-0.3399999999999892,28.489999999999327,0.0,0.0,-28.484934860359772,inf,False,False
1118847802100.0,18.644,2005.815,7.207,893.36,1112.5137895747628,0.1,-0.5100000000000193,28.880000000001473,0.0,0.0,-28.873201567878368,inf,False,False
1118847802200.0,18.627,2008.763,7.207,893.36,1115.4614600285388,0.1,-0.1699999999999946,29.479999999998654,0.0,0.0,-29.47670453776027,inf,False,False
1118847802300.0,18.59,2011.762,7.207,893.36,1118.459926100618,0.1,-0.36999999999999034,29.990000000000236,0.0,0.0,-29.984660720792817,inf,False,False
1118847802400.0,18.555,2014.776,7.207,893.36,1121.4734157170203,0.1,-0.3500000000000014,30.140000000001237,0.0,0.0,-30.134896164022393,inf,False,False
1118847802500.0,18.519,2017.78,7.207,893.36,1124.4768996044338,0.1,-0.36000000000001364,30.039999999999054,0.0,0.0,-30.034838874134948,inf,False,False
1118847802600.0,18.484,2020.778,7.207,893.36,1127.4743976929144,0.1,-0.3499999999999659,29.980000000000473,0.0,0.0,-29.974980884805973,inf,False,False
1118847802700.0,18.449,2023.778,7.207,893.36,1130.4738994280233,0.1,-0.3500000000000014,30.0,0.0,0.0,-29.99501735108879,inf,False,False
1118847802800.0,18.413,2026.778,7.207,893.36,1133.4733949943422,0.1,-0.36000000000001364,30.0,0.0,0.0,-29.994955663189558,inf,False,False
1118847802900.0,18.378,2029.778,7.207,893.36,1136.4729041930566,0.1,-0.3500000000000014,30.0,0.0,0.0,-29.995091987143496,inf,False,False
1118847803000.0,18.342,2032.778,7.207,893.36,1139.4724072784738,0.1,-0.36000000000001364,30.0,0.0,0.0,-29.995030854172455,inf,False,False
1118847803100.0,18.307,2035.778,7.207,893.36,1142.471923823076,0.1,-0.3500000000000014,30.0,0.0,0.0,-29.99516544602102,inf,False,False
1118847803200.0,18.272,2038.777,7.207,893.36,1145.4704440159073,0.1,-0.3500000000000014,29.990000000000236,0.0,0.0,-29.985201928313927,inf,False,False
1118847803300.0,18.236,2041.777,7.207,893.36,1148.469958131252,0.1,-0.3599999999999781,30.0,0.0,0.0,-29.995141153447094,inf,False,False
1118847803400.0,18.2,2044.777,7.207,893.36,1151.4694759037254,0.1,-0.36000000000001364,30.0,0.0,0.0,-29.99517772473382,inf,False,False
1118847803500.0,18.164,2047.777,7.207,893.36,1154.4689973048214,0.1,-0.3599999999999781,30.0,0.0,0.0,-29.9952140109599,inf,False,False
1118847803600.0,18.129,2050.789,7.207,893.36,1157.4805312077608,0.1,-0.3500000000000014,30.12000000000171,0.0,0.0,-30.11533902939391,inf,False,False
1118847803700.0,18.093,2053.777,7.207,893.36,1160.4680602606002,0.1,-0.36000000000001364,29.87999999999829,0.0,0.0,-29.875290528393634,inf,False,False
1118847803800.0,18.058,2056.712,7.207,893.36,1163.4026044774869,0.1,-0.3500000000000014,29.349999999999454,0.0,0.0,-29.345442168867066,inf,False,False
1118847803900.0,18.024,2059.627,7.207,893.36,1166.317162172451,0.1,-0.3399999999999892,29.149999999999636,0.0,0.0,-29.1455769496406,inf,False,False
1118847804000.0,18.023,2062.562,7.207,893.36,1169.252027007009,0.1,-0.010000000000012221,29.349999999999454,0.0,0.0,-29.34864834558084,inf,False,False
1118847804100.0,18.023,2065.551,7.207,893.36,1172.2408994472935,0.1,0.0,29.890000000000327,0.0,0.0,-29.888724402844673,inf,False,False
1118847804200.0,18.024,2068.564,7.207,893.36,1175.2537807235506,0.1,0.010000000000012221,30.1299999999992,0.0,0.0,-30.12881276257076,inf,False,False
1118847804300.0,18.024,2071.564,7.207,893.36,1178.2536539748135,0.1,0.0,30.0,0.0,0.0,-29.998732512628976,inf,False,False
1118847804400.0,18.024,2074.564,7.207,893.36,1181.2535278698638,0.1,0.0,30.0,0.0,0.0,-29.99873895050314,inf,False,False
1118847804500.0,18.023,2077.563,7.207,893.36,1184.2523933119155,0.1,-0.010000000000012221,29.99000000000251,0.0,0.0,-29.988654420517378,inf,False,False
1118847804600.0,18.023,2080.564,7.207,893.36,1187.2532684612831,0.1,0.0,30.00999999999749,0.0,0.0,-30.0087514936763,inf,False,False
1118847804700.0,18.023,2083.564,7.207,893.36,1190.253144281501,0.1,0.0,30.0,0.0,0.0,-29.99875820217767,inf,False,False
1118847804800.0,18.023,2086.564,7.207,893.36,1193.2530207261154,0.1,0.0,30.0,0.0,0.0,-29.998764446145287,inf,False,False
1118847804900.0,18.023,2089.564,7.207,893.36,1196.2528977904294,0.1,0.0,30.0,0.0,0.0,-29.99877064313978,inf,False,False
1118847805000.0,18.022,2092.563,7.207,893.36,1199.251766491924,0.1,-0.010000000000012221,29.99000000000251,0.0,0.0,-29.9886870149453,inf,False,False
1118847805100.0,18.022,2095.564,7.207,893.36,1202.2526447635703,0.1,0.0,30.00999999999749,0.0,0.0,-30.00878271646343,inf,False,False
1118847805200.0,18.022,2098.563,7.207,893.36,1205.2515237219159,0.1,0.0,29.99000000000251,0.0,0.0,-29.988789583455855,inf,False,False
1118847805300.0,18.022,2101.563,7.207,893.36,1208.2514032410638,0.1,0.0,30.0,0.0,0.0,-29.99879519147953,inf,False,False
1118847805400.0,18.022,2104.567,7.207,893.36,1211.2552831975593,0.1,0.0,30.039999999999054,0.0,0.0,-30.038799564954388,inf,False,False
1118847805500.0,18.02,2107.572,7.207,893.36,1214.260145896669,0.1,-0.019999999999988916,30.05000000000109,0.0,0.0,-30.04862699109708,inf,False,False
1118847805600.0,18.018,2110.576,7.207,893.36,1217.2640093163848,0.1,-0.019999999999988916,30.039999999999054,0.0,0.0,-30.03863419715799,inf,False,False
1118847805700.0,18.016,2113.577,7.207,893.36,1220.2648735295138,0.1,-0.020000000000024443,30.010000000002037,0.0,0.0,-30.008642131290344,inf,False,False
1118847805800.0,18.014,2116.577,7.207,893.36,1223.2647384511663,0.1,-0.019999999999988916,30.0,0.0,0.0,-29.998649216524882,inf,False,False
1118847805900.0,18.012,2119.576,7.207,893.36,1226.263604075812,0.1,-0.019999999999988916,29.989999999997963,0.0,0.0,-29.988656246457595,inf,False,False
1118847806000.0,18.009,2122.577,7.207,893.36,1229.2644614943524,0.1,-0.030000000000001137,30.010000000002037,0.0,0.0,-30.00857418540363,inf,False,False
1118847806100.0,18.007,2125.576,7.207,893.36,1232.2633284554074,0.1,-0.019999999999988916,29.989999999997963,0.0,0.0,-29.988669610550005,inf,False,False
